,Unnamed: 0,ALT_NORMAL,ALTGEOM,AR_LIVRE,GRAVIDADE,INSTITUICA,LATITUDE,LONGITUDE,X,Y,__X,__Y,_x,_y,distance_to_main_line,Path_Distance
0,3893,1152.56636074103,1156.02445251872,38.2005050884151,978647.4,PETROBRAS,-25.1457,-51.2867,5273565.52317846,7215053.54624902,5273565.52317846,7215053.54624902,5273565.52317846,7215053.54624902,22392.084452204028,0.0
1,32741,1171.68,0.0,0.0,978638.599999999,PETROBRAS,-25.0857,-51.2782,5274556.49790117,7221687.58151488,5274556.49790117,7221687.58151488,5274556.49790117,7221687.58151488,18827.67671062493,6707.641523644902
2,3884,867.332742552825,870.338919786978,1.9667631128967,978694.59,PETROBRAS,-25.08,-51.2198,5280459.66256928,7222199.5527428,5280459.66256928,7222199.5527428,5280459.66256928,7222199.5527428,22976.92472207408,12632.965787939826
3,32733,727.59,0.0,0.0,978723.739999999,PETROBRAS,-25.0286,-51.2224,5280314.37512672,7227903.03359093,5280314.37512672,7227903.03359093,5280314.37512672,7227903.03359093,19155.256431179947,18338.296823554614
4,32734,688.44,0.0,0.0,978728.439999999,PETROBRAS,-25.0149,-51.1633,5286309.66095029,7229298.2009265,5286309.66095029,7229298.2009265,5286309.66095029,7229298.2009265,22799.743769256645,24493.777633413312
5,33238,758.23,0.0,0.0,978711.4,PETROBRAS,-24.954,-51.1651,5286269.07819975,7236053.40597218,5286269.07819975,7236053.40597218,5286269.07819975,7236053.40597218,18373.205755461437,31249.104581001884
6,4377,607.00714889818,609.033004228726,-21.8448196730647,978736.86,PETROBRAS,-24.8741,-51.1721,5285746.44865113,7244925.79699842,5285746.44865113,7244925.79699842,5285746.44865113,7244925.79699842,12202.951919550611,40136.875064514126
7,33224,575.22,0.0,0.0,978742.29,PETROBRAS,-24.8304,-51.1476,5288323.04599542,7249718.7650718,5288323.04599542,7249718.7650718,5288323.04599542,7249718.7650718,11040.553122836554,45578.510556444984
8,1394,519.957559101174,521.890291370822,-24.7832719691894,978757.57,IAG-USP,-24.8275,-51.1346,5289643.65450579,7250012.72693518,5289643.65450579,7250012.72693518,5289643.65450579,7250012.72693518,11852.032910781169,46931.44086314391
9,33225,667.48,0.0,0.0,978728.609999999,PETROBRAS,-24.8512,-51.0925,5293842.6176885,7247295.24456254,5293842.6176885,7247295.24456254,5293842.6176885,7247295.24456254,16808.703590897378,51933.040832689905
10,28922,840.0,0.0,0.0,978690.29,IAG-USP,-24.8765,-51.0477,5298308.81068785,7244393.01761615,5298308.81068785,7244393.01761615,5298308.81068785,7244393.01761615,22088.503769020932,57259.37176080503
11,33232,911.9,0.0,0.0,978680.819999999,PETROBRAS,-24.8767,-51.0334,5299753.01266666,7244339.44876551,5299753.01266666,7244339.44876551,5299753.01266666,7244339.44876551,23219.97458984276,58704.56689550415
12,4369,921.997838021991,924.200486615394,18.4970311109425,978676.74,PETROBRAS,-24.8263,-51.0236,5300865.03896259,7249905.5932723,5300865.03896259,7249905.5932723,5300865.03896259,7249905.5932723,20442.37785973295,64380.70705879417
13,4508,824.549008670344,826.818306069241,13.5161324133799,978698.63,PETROBRAS,-24.7799,-50.9673,5306669.31754264,7254924.71544688,5306669.31754264,7254924.71544688,5306669.31754264,7254924.71544688,21583.662579245887,72054.11811504446
14,33387,958.46,0.0,0.0,978670.04,PETROBRAS,-24.7749,-50.9234,5311120.2530062,7255379.88846075,5311120.2530062,7255379.88846075,5311120.2530062,7255379.88846075,24667.162188530518,76528.26708142208
15,9262,931.90303413649,934.269323895543,24.8963369695461,978674.19,ANP,-24.74051114,-50.89341235,5314238.78263278,7259124.20922462,5314238.78263278,7259124.20922462,5314238.78263278,7259124.20922462,24598.635877926074,81401.16816954258
16,9261,926.250038733717,928.595727113602,25.1787852665633,978675.69,ANP,-24.73284105,-50.89639238,5313956.66881794,7259981.46964432,5313956.66881794,7259981.46964432,5313956.66881794,7259981.46964432,23826.587561735614,82303.65563854609
17,34258,891.36,0.0,0.0,978682.19,ANP,-24.73,-50.9,5313598.91794984,7260304.7370612,5313598.91794984,7260304.7370612,5313598.91794984,7260304.7370612,23344.58445560362,82785.82522120564
18,9260,887.995068748103,890.319848123672,20.3456128792736,978681.87,ANP,-24.72136105,-50.89905228,5313716.4521544,7261260.41038383,5313716.4521544,7261260.41038383,5313716.4521544,7261260.41038383,22811.95832841743,83748.69893505824
19,9259,869.041351218457,871.35574585292,18.6793739669556,978685.72,ANP,-24.71654103,-50.89873226,5313760.91576248,7261794.09708943,5313760.91576248,7261794.09708943,5313760.91576248,7261794.09708943,22498.441783724727,84284.23465952321
20,9258,898.668302252015,900.98241157641,21.8226031123363,978679.48,ANP,-24.71298096,-50.89744232,5313900.33352259,7262185.86563032,5313900.33352259,7262185.86563032,5313900.33352259,7262185.86563032,22349.374384327195,84700.07104737907
21,9353,925.685331629418,927.989132140592,24.4697994896346,978673.53,ANP,-24.70914094,-50.89726226,5313928.18417572,7262611.21534375,5313928.18417572,7262611.21534375,5313928.18417572,7262611.21534375,22093.739933518584,85126.33157521929
22,9257,918.269313425298,920.572819397708,23.4423767255543,978674.54,ANP,-24.70549099,-50.89302221,5314366.28019744,7263006.18668784,5314366.28019744,7263006.18668784,5314366.28019744,7263006.18668784,22169.381052609246,85716.18790255551
23,9256,887.01534441723,889.318541092061,20.5432281104038,978681.02,ANP,-24.70167101,-50.89095216,5314585.29621822,7263424.97963374,5314585.29621822,7263424.97963374,5314585.29621822,7263424.97963374,22063.169049665295,86188.79296906886
24,9255,920.202370773147,922.495259541203,24.1202130787049,978674.1,ANP,-24.69788095,-50.89019217,5314671.71020361,7263843.45987354,5314671.71020361,7263843.45987354,5314671.71020361,7263843.45987354,21856.473037901684,86616.10209367801
25,9320,930.475742606232,932.788519824363,24.4131048156754,978671.13,ANP,-24.69651094,-50.88380207,5315321.6442586,7263980.68193186,5315321.6442586,7263980.68193186,5315321.6442586,7263980.68193186,22260.68888144481,87280.36421748484
26,9254,933.492258824666,935.784581177266,25.2652459672355,978670.67,ANP,-24.69094095,-50.88412208,5315303.296187,7264598.99427916,5315303.296187,7264598.99427916,5315303.296187,7264598.99427916,21844.410825380688,87898.94873924034
27,9253,945.819010023566,948.111107016496,26.4260397084407,978667.84,ANP,-24.68819092,-50.88129207,5315596.55337918,7264897.39772334,5315596.55337918,7264897.39772334,5315596.55337918,7264897.39772334,21872.911115419043,88317.33181282683
28,9252,952.839061770949,955.140843239664,26.7345277870936,978665.72,ANP,-24.68435098,-50.87276201,5316469.30355535,7265303.50485424,5316469.30355535,7265303.50485424,5316469.30355535,7265303.50485424,22271.347962650878,89279.94070109478
29,9273,956.461849971559,958.773394980091,27.0886115692434,978664.76,ANP,-24.68148099,-50.86584192,5317176.7463636,7265605.74016156,5317176.7463636,7265605.74016156,5317176.7463636,7265605.74016156,22611.85457552183,90049.24006280962
30,34259,933.05,0.0,0.0,978670.63,ANP,-24.68,-50.86,5317771.60225685,7265756.43151162,5317771.60225685,7265756.43151162,5317771.60225685,7265756.43151162,22965.48373283586,90662.88606558157
31,9265,966.938741170862,969.239718819603,28.6801683211832,978662.65,ANP,-24.67462092,-50.86682184,5317094.95786817,7266368.62715712,5317094.95786817,7266368.62715712,5317094.95786817,7266368.62715712,22053.327788022343,91575.3723049856
32,9266,971.344446680323,973.645212676226,29.0737757927784,978661.51,ANP,-24.67207095,-50.86417184,5317369.56390175,7266645.23471565,5317369.56390175,7266645.23471565,5317369.56390175,7266645.23471565,22081.848804416662,91965.14174339065
33,9267,961.600707098509,963.901394968957,27.8425578119641,978663.22,ANP,-24.67113093,-50.86001183,5317792.89871859,7266739.83640723,5317792.89871859,7266739.83640723,5317792.89871859,7266739.83640723,22341.73689058338,92398.91800737755
34,9268,952.974937188178,955.285556031725,26.46864633234,978664.45,ANP,-24.67030093,-50.85347177,5318456.80034586,7266816.70766289,5318456.80034586,7266816.70766289,5318456.80034586,7266816.70766289,22795.829859981208,93067.25516827697
35,9269,946.442095301724,948.752366711207,26.2289922134894,978665.94,ANP,-24.66613092,-50.85282178,5318533.17075746,7267277.56030372,5318533.17075746,7267277.56030372,5318533.17075746,7267277.56030372,22553.935136998607,93534.39283142127
36,9270,951.273377096891,953.572963967824,27.0192164269586,978664.68,ANP,-24.65795095,-50.84948165,5318891.9784494,7268176.78355781,5318891.9784494,7268176.78355781,5318891.9784494,7268176.78355781,22241.245987391747,94502.55884016732
37,9271,945.580676535019,947.880173574513,26.4264496799207,978665.77,ANP,-24.65688093,-50.84585168,5319262.05954786,7268286.99150812,5319262.05954786,7268286.99150812,5319262.05954786,7268286.99150812,22450.542165785708,94888.70105716682
38,27754,941.39,0.0,0.0,978662.9,IAG-USP,-24.6506,-50.8428,5319586.89903278,7268976.31203764,5319586.89903278,7268976.31203764,5319586.89903278,7268976.31203764,22248.64739248504,95650.72696445699
39,8878,932.38602903364,934.664820323548,26.1598112684091,978669.0,ANP,-24.64850089,-50.84692161,5319175.10387872,7269218.63916088,5319175.10387872,7269218.63916088,5319175.10387872,7269218.63916088,21778.276508769348,96128.53203304154
40,517,935.994226374659,938.272958462262,22.7407808508222,978664.42,IAG-USP,-24.6478,-50.8481,5319057.62297632,7269299.08942932,5319057.62297632,7269299.08942932,5319057.62297632,7269299.08942932,21636.720499912033,96270.91885869879
41,8877,899.262218344722,901.520052841305,23.9044900506402,978676.19,ANP,-24.63721083,-50.85239167,5318650.15311576,7270483.14865529,5318650.15311576,7270483.14865529,5318650.15311576,7270483.14865529,20556.833381465418,97523.12808158032
42,8876,904.46628344941,906.703498414587,24.8170222023033,978675.0,ANP,-24.62994081,-50.85001161,5318909.52506028,7271283.70983105,5318909.52506028,7271283.70983105,5318909.52506028,7271283.70983105,20232.84162650398,98364.65764240302
43,8875,925.672357691395,927.899250383977,28.2862683583224,978671.67,ANP,-24.62617081,-50.8486816,5319053.73221542,7271698.63210389,5319053.73221542,7271698.63210389,5319053.73221542,7271698.63210389,20072.344401654645,98803.92543782256
44,8874,941.219362700416,943.445953890291,29.9827016831526,978668.33,ANP,-24.62265077,-50.84716157,5319216.54649582,7272085.39761165,5319216.54649582,7272085.39761165,5319216.54649582,7272085.39761165,19944.298023892974,99223.56343407012
45,8873,957.077504135848,959.283752895094,31.7871762183913,978664.97,ANP,-24.61866082,-50.8478815,5319153.80533779,7272529.46409918,5319153.80533779,7272529.46409918,5319153.80533779,7272529.46409918,19607.696009145166,99672.0402988674
46,8872,941.154891903912,943.350724332738,31.7264555547454,978669.49,ANP,-24.61382073,-50.84842152,5319111.4303836,7273067.37357924,5319111.4303836,7273067.37357924,5319111.4303836,7273067.37357924,19225.493303927007,100211.61628562138
47,8871,966.576913421828,968.752139395279,34.5687331211245,978664.01,ANP,-24.60679074,-50.84468145,5319507.93470231,7273838.16081302,5319507.93470231,7273838.16081302,5319507.93470231,7273838.16081302,19025.00341376041,101078.40843747341
48,8870,938.944576246027,941.109603372219,31.5922890203424,978669.4,ANP,-24.60449075,-50.84318138,5319665.65417484,7274089.69431577,5319665.65417484,7274089.69431577,5319665.65417484,7274089.69431577,18981.086125099915,101375.299890737
49,9158,964.837296606524,967.012407624567,33.5430093615775,978663.43,ANP,-24.6054608,-50.8332413,5320669.55425777,7273959.01044718,5320669.55425777,7273959.01044718,5320669.55425777,7273959.01044718,19828.40653741355,102387.6702034272
50,9157,932.252469547305,934.427528683114,29.0127015058581,978668.91,ANP,-24.60486083,-50.82842131,5321159.07834958,7274014.29375241,5321159.07834958,7274014.29375241,5321159.07834958,7274014.29375241,20164.13863958098,102880.30605301552
51,9156,887.67721014956,889.862347104692,22.6010196965174,978676.31,ANP,-24.6057608,-50.82065121,5321943.44620213,7273896.34968146,5321943.44620213,7273896.34968146,5321943.44620213,7273896.34968146,20836.47365428488,103673.49186478108
52,9155,856.804181330327,858.989326931229,19.71058655143,978682.95,ANP,-24.60586081,-50.81655118,5322358.28808106,7273875.66207177,5322358.28808106,7273875.66207177,5322358.28808106,7273875.66207177,21164.933514197375,104088.84925511976
53,9154,841.790316758464,843.985421730925,18.4812302692464,978686.32,ANP,-24.60539088,-50.81207117,5322813.06279069,7273917.26553909,5322813.06279069,7273917.26553909,5322813.06279069,7273917.26553909,21483.18138037082,104545.52297344823
54,9153,837.803838488632,840.009086942042,18.388037157479,978687.57,ANP,-24.60705091,-50.80257108,5323770.60321084,7273710.88138807,5323770.60321084,7273710.88138807,5323770.60321084,7273710.88138807,22344.559348579067,105525.05249011124
55,9152,846.479769375612,848.695038562928,17.5979916901948,978684.12,ANP,-24.6072909,-50.79769105,5324264.04516371,7273672.77972552,5324264.04516371,7273672.77972552,5324264.04516371,7273672.77972552,22744.03349409422,106019.9632876703
56,9151,853.636112139019,855.851278497314,18.3068951534387,978682.54,ANP,-24.60610094,-50.79366103,5324675.12267963,7273795.2207902,5324675.12267963,7273795.2207902,5324675.12267963,7273795.2207902,22976.49881942702,106448.88815103851
57,9150,861.311815569993,863.526770898995,18.7114223511047,978680.41,ANP,-24.60366089,-50.789421,5325110.70256558,7274055.76619797,5325110.70256558,7274055.76619797,5325110.70256558,7274055.76619797,23137.70254501599,106956.44479472846
58,33697,866.15,0.0,0.0,978679.31,PETROBRAS,-24.603,-50.7889,5325165.16009188,7274127.81572269,5325165.16009188,7274127.81572269,5325165.16009188,7274127.81572269,23132.1694737314,107046.75955644037
59,9149,860.633429951781,862.837900966247,18.4740935362725,978680.0,ANP,-24.59807094,-50.78440091,5325633.43375216,7274663.7208207,5325633.43375216,7274663.7208207,5325633.43375216,7274663.7208207,23139.017198858248,107758.42977148721
60,9148,788.841648388843,791.03545387219,12.6808280041717,978695.83,ANP,-24.59041089,-50.77535081,5326569.63095217,7275491.64497907,5326569.63095217,7275491.64497907,5326569.63095217,7275491.64497907,23311.147438842658,109008.19919394898
61,9147,810.206763050352,812.400234135246,13.3239467290248,978689.62,ANP,-24.5865709,-50.77219079,5326899.57524035,7275909.93399421,5326899.57524035,7275909.93399421,5326899.57524035,7275909.93399421,23289.49349952835,109540.95517325832
62,9146,874.742803689449,876.925962582614,20.4265432750057,978676.57,ANP,-24.58299095,-50.7695108,5327180.25323995,7276300.52376316,5327180.25323995,7276300.52376316,5327180.25323995,7276300.52376316,23248.45499315797,110021.93387036215
63,9145,840.658769998203,842.831638998742,17.8590651698066,978684.29,ANP,-24.57967088,-50.76764074,5327378.25322779,7276664.21849312,5327378.25322779,7276664.21849312,5327378.25322779,7276664.21849312,23162.138390495777,110436.03271337539
64,9144,858.214405096858,860.3870835678,19.3934692729301,978680.26,ANP,-24.5774909,-50.76338067,5327815.3183674,7276895.80963755,5327815.3183674,7276895.80963755,5327815.3183674,7276895.80963755,23343.31091407949,110930.66428782367
65,9143,834.51632488083,836.678427416581,18.0123047478571,978685.74,ANP,-24.5709109,-50.75873068,5328303.35815551,7277614.34839321,5328303.35815551,7277614.34839321,5328303.35815551,7277614.34839321,23246.32475685273,111799.27281769428
66,9142,830.731754329614,832.89372803073,18.1551798066072,978686.95,ANP,-24.56944088,-50.75468062,5328717.34491039,7277767.69362373,5328717.34491039,7277767.69362373,5328717.34491039,7277767.69362373,23460.889280571733,112240.74738427621
67,9141,819.468113788781,821.639979652147,18.0044922849007,978690.19,ANP,-24.56821095,-50.75038053,5329156.03419233,7277893.80834268,5329156.03419233,7277893.80834268,5329156.03419233,7277893.80834268,23711.930288813433,112697.20462041708
68,9178,798.705033250795,800.846323275556,17.1871221694917,978695.33,ANP,-24.56165087,-50.75224055,5328984.80329905,7278625.65576601,5328984.80329905,7278625.65576601,5328984.80329905,7278625.65576601,23105.685981265608,113448.81666785131
69,9177,773.005847754986,775.13689342849,14.1189342095965,978700.0,ANP,-24.55887083,-50.75565056,5328646.7003344,7278942.050571,5328646.7003344,7278942.050571,5328646.7003344,7278942.050571,22643.07405936366,113911.87097063843
70,9176,735.967527934108,738.078369553876,11.0211871102993,978708.17,ANP,-24.55655084,-50.75960057,5328252.69030279,7279208.7094361,5328252.69030279,7279208.7094361,5328252.69030279,7279208.7094361,22170.37472675703,114387.63441537273
71,9175,752.556575384648,754.657102769254,12.0223938238699,978703.81,ANP,-24.55298082,-50.76056055,5328164.76053736,7279606.84926821,5328164.76053736,7279606.84926821,5328164.76053736,7279606.84926821,21844.53170465411,114795.36835995095
72,9174,785.645723628411,787.725906539888,15.5568421044523,978696.87,ANP,-24.5490708,-50.76303056,5327924.76192828,7280046.27951618,5327924.76192828,7280046.27951618,5327924.76192828,7280046.27951618,21376.351286473662,115296.0661482337
73,9173,811.464873011385,813.514411107969,18.6603309581207,978691.51,ANP,-24.54176078,-50.7672506,5327516.31776988,7280866.86049493,5327516.31776988,7280866.86049493,5327516.31776988,7280866.86049493,20532.2456185749,116212.67935630861
74,9171,809.677976866227,811.697183806359,19.164848451344,978692.31,ANP,-24.53801077,-50.77450059,5326791.66031159,7281299.86268185,5326791.66031159,7281299.86268185,5326791.66031159,7281299.86268185,19700.23647000994,117056.84718662027
75,9170,802.967284804742,804.97609936332,19.1974650143839,978694.11,ANP,-24.53357074,-50.77730067,5326519.5178277,7281798.80992707,5326519.5178277,7281798.80992707,5326519.5178277,7281798.80992707,19168.919851130024,117625.18677265155
76,9169,798.057953899938,800.056567729956,19.1577858537519,978695.43,ANP,-24.53130065,-50.78038061,5326213.3905038,7282057.80516299,5326213.3905038,7282057.80516299,5326213.3905038,7282057.80516299,18767.938541065803,118026.17613743273
77,34248,924.63,0.0,0.0,978676.34,ANP,-24.51,-50.79,5325293.8275711,7284442.33782837,5325293.8275711,7284442.33782837,5325293.8275711,7284442.33782837,16518.040719146156,120581.87408896402
78,9110,903.621705564748,905.548293895324,37.9608516231984,978680.11,ANP,-24.50843053,-50.79046064,5325251.19874383,7284617.44613921,5325251.19874383,7284617.44613921,5325251.19874383,7284617.44613921,16371.725912260808,120762.09655548698
79,9109,879.142408986998,881.068786290898,35.8617718110175,978685.4,ANP,-24.50605055,-50.79377069,5324921.94620054,7284889.12929076,5324921.94620054,7284889.12929076,5324921.94620054,7284889.12929076,15944.92890593606,121188.96769775239
80,9108,871.982289880196,873.898402916137,34.9160614473957,978686.46,ANP,-24.50307054,-50.79628068,5324675.28852023,7285225.45439764,5324675.28852023,7285225.45439764,5324675.28852023,7285225.45439764,15538.784321934945,121606.04633395224
81,9107,884.12149021802,886.027243152614,36.2372846414859,978683.76,ANP,-24.49901046,-50.79777071,5324534.74270204,7285679.13624182,5324534.74270204,7285679.13624182,5324534.74270204,7285679.13624182,15136.84673533664,122080.99932399321
82,10213,855.95872378839,857.864406651873,34.2835208784873,978690.44,ANP,-24.49822048,-50.79537067,5324779.96580049,7285761.08980383,5324779.96580049,7285761.08980383,5324779.96580049,7285761.08980383,15269.721223265808,122339.55445223422
83,34389,860.56,0.0,0.0,978690.44,ANP,-24.5,-50.79,5325319.5870087,7285551.14161432,5325319.5870087,7285551.14161432,5325319.5870087,7285551.14161432,15816.083593527812,122918.57888231301
84,9583,861.354386703879,863.270170692716,34.8203118991816,978689.39,ANP,-24.49936057,-50.78889063,5325433.64397872,7285619.42931303,5325433.64397872,7285619.42931303,5325433.64397872,7285619.42931303,15858.253505089471,123051.5157177096
85,10081,843.700743865453,845.606120705817,35.757153795609,978695.46,ANP,-24.49477053,-50.78718055,5325618.75329245,7286124.34632963,5325618.75329245,7286124.34632963,5325618.75329245,7286124.34632963,15670.253087191424,123589.29508853202
86,10055,871.615613769739,873.531029638817,38.4283384365293,978689.55,ANP,-24.49521051,-50.78108052,5326235.74259631,7286061.17392761,5326235.74259631,7286061.17392761,5326235.74259631,7286061.17392761,16179.853255004424,124209.51001374307
87,10054,844.542796515231,846.447857560662,34.4593546222465,978693.66,ANP,-24.49121054,-50.78038049,5326317.00736523,7286503.04159868,5326317.00736523,7286503.04159868,5326317.00736523,7286503.04159868,15954.028750756197,124658.78832548867
88,9573,874.17002951461,876.064720660227,37.7526806194263,978687.53,ANP,-24.48704054,-50.78039049,5326326.76134633,7286965.43859255,5326326.76134633,7286965.43859255,5326326.76134633,7286965.43859255,15660.545846503575,125121.28818504242
89,10024,846.333990427763,848.238393299434,34.9371410859216,978693.08,ANP,-24.4837905,-50.77566041,5326814.4995304,7287314.63244373,5326814.4995304,7287314.63244373,5326814.4995304,7287314.63244373,15803.66946033171,125721.14223554273
90,9567,877.674078332059,879.558154832441,38.675414618566,978686.9,ANP,-24.48011051,-50.7783904,5326547.34707882,7287729.12413092,5326547.34707882,7287729.12413092,5326547.34707882,7287729.12413092,15331.098493479847,126214.26878231835
91,9566,861.840947345509,863.724763141857,36.4513867333969,978689.36,ANP,-24.47717049,-50.77665041,5326731.28039559,7288051.00630208,5326731.28039559,7288051.00630208,5326731.28039559,7288051.00630208,15261.308891601098,126584.99725051178
92,10027,811.937982818071,813.82178797265,30.7553942788233,978699.05,ANP,-24.47705047,-50.77338042,5327062.9896408,7288056.58423449,5327062.9896408,7288056.58423449,5327062.9896408,7288056.58423449,15509.552989517098,126916.75339090422
93,9565,845.127141245382,847.000598871768,34.3605038346769,978692.15,ANP,-24.47313046,-50.77575036,5326832.9376189,7288496.84239757,5326832.9376189,7288496.84239757,5326832.9376189,7288496.84239757,15048.386484554883,127413.49394988708
94,9552,803.54202460277,805.415217221939,30.0756655163141,978700.49,ANP,-24.47014049,-50.77157039,5327264.30863634,7288818.49024764,5327264.30863634,7288818.49024764,5327264.30863634,7288818.49024764,15166.63396740885,127951.58157671208
95,9980,787.643792580753,789.506754806527,29.028197387726,978704.17,ANP,-24.46754042,-50.77504032,5326919.34687513,7289114.99411681,5326919.34687513,7289114.99411681,5326919.34687513,7289114.99411681,14711.757376265616,128406.4586602524
96,9981,808.767719756241,810.630403829369,30.3683207510084,978698.78,ANP,-24.46440048,-50.77067037,5327370.38020826,7289452.82081826,5327370.38020826,7289452.82081826,5327370.38020826,7289452.82081826,14834.407021751369,128969.98146174957
97,34368,885.34,0.0,0.0,978685.54,ANP,-24.46,-50.77,5327449.71339338,7289939.16574177,5327449.71339338,7289939.16574177,5327449.71339338,7289939.16574177,14578.173748194537,129462.75436977563
98,9892,817.220865178159,819.072905624711,33.0006081065119,978698.31,ANP,-24.45713048,-50.76781029,5327679.09024816,7290252.15901741,5327679.09024816,7290252.15901741,5327679.09024816,7290252.15901741,14548.674522835869,129850.79886735936
99,9893,817.348806186905,819.200864330833,31.5964710449241,978696.88,ANP,-24.45733047,-50.76433026,5328031.31277262,7290221.73943535,5328031.31277262,7290221.73943535,5328031.31277262,7290221.73943535,14835.918954529983,130204.33254002625
100,8716,918.627050626541,920.468735438579,43.535625111523,978677.29,ANP,-24.45311039,-50.76583023,5327890.2056443,7290693.22332818,5327890.2056443,7290693.22332818,5327890.2056443,7290693.22332818,14421.971068496538,130696.47914710664
101,9558,858.523835404412,860.375584783088,38.2356307545492,978690.58,ANP,-24.45384043,-50.7611002,5328367.76960732,7290601.06177928,5328367.76960732,7290601.06177928,5328367.76960732,7290601.06177928,14844.56637950735,131182.85460893746
102,9557,877.711811010522,879.553267707365,39.209830691711,978685.41,ANP,-24.45053047,-50.76080019,5328406.76631903,7290967.36480496,5328406.76631903,7290967.36480496,5328406.76631903,7290967.36480496,14635.818011374868,131551.2275858864
103,34302,882.31,0.0,0.0,978685.41,ANP,-24.45,-50.76,5328489.25524276,7291024.285747,5328489.25524276,7291024.285747,5328489.25524276,7291024.285747,14661.414181765625,131651.44942073754
104,9698,890.08964304079,891.941150128553,40.0493214657213,978682.47,ANP,-24.45110047,-50.7574102,5328748.91800734,7290896.11525381,5328748.91800734,7290896.11525381,5328748.91800734,7290896.11525381,14941.984177434753,131941.0222555027
105,8714,882.63685972277,884.468001805939,39.131210016532,978683.57,ANP,-24.44697045,-50.75780012,5328720.1158128,7291354.98667257,5328720.1158128,7291354.98667257,5328720.1158128,7291354.98667257,14621.518914201382,132400.7967060383
106,8713,904.942006960382,906.783104872268,41.0257774672292,978678.55,ANP,-24.44647045,-50.75217012,5329292.12580471,7291397.04865237,5329292.12580471,7291397.04865237,5329292.12580471,7291397.04865237,15028.487614375907,132974.35109839353
107,9699,892.128407384356,893.979385169049,39.4556075058876,978680.84,ANP,-24.44511043,-50.74827011,5329691.0096114,7291538.5699175,5329691.0096114,7291538.5699175,5329691.0096114,7291538.5699175,15239.278202615393,133397.596369747
108,8712,903.707792972928,905.548655081049,40.276623385739,978678.0,ANP,-24.44380047,-50.74876008,5329644.75082517,7291684.98851016,5329644.75082517,7291684.98851016,5329644.75082517,7291684.98851016,15108.875962187374,133551.14857448495
109,34321,850.47,0.0,0.0,978690.02,ANP,-24.44,-50.75,5329528.94580278,7292109.3459976,5329528.94580278,7292109.3459976,5329528.94580278,7292109.3459976,14744.806417738931,133991.02364806534
110,9765,823.345622495114,825.16593574658,32.5495526501805,978694.64,ANP,-24.43758037,-50.75146004,5329387.22610786,7292381.11409006,5329387.22610786,7292381.11409006,5329387.22610786,7292381.11409006,14460.351743029201,134297.5238405735
111,9773,760.107113262948,761.917279284064,26.2947402588213,978707.78,ANP,-24.43591044,-50.75452006,5329081.34863953,7292573.55398376,5329081.34863953,7292573.55398376,5329081.34863953,7292573.55398376,14102.86880596952,134658.90195047949
112,9766,767.542812390881,769.342768673616,25.6903897059826,978704.72,ANP,-24.43353044,-50.75106006,5329438.30580863,7292829.22906781,5329438.30580863,7292829.22906781,5329438.30580863,7292829.22906781,14207.541861929649,135097.97844629263
113,9770,817.029622664808,818.829335865365,29.8341061072021,978693.41,ANP,-24.43077041,-50.74896999,5329657.37785211,7293130.29592578,5329657.37785211,7293130.29592578,5329657.37785211,7293130.29592578,14177.978693908315,135470.31406532845
114,34322,821.61,0.0,0.0,978693.41,ANP,-24.43,-50.75,5329554.95661641,7293218.17160314,5329554.95661641,7293218.17160314,5329554.95661641,7293218.17160314,14043.025968815964,135605.26681333256
115,9704,833.387810483839,835.187467338687,31.4538460726455,978689.94,ANP,-24.43013038,-50.74672001,5329887.15208756,7293195.90818825,5329887.15208756,7293195.90818825,5329887.15208756,7293195.90818825,14309.756089409626,135938.20748476678
116,9414,850.714165328666,852.503415730066,32.9127108839175,978685.74,ANP,-24.42551041,-50.74593002,5329979.27211266,7293706.30193312,5329979.27211266,7293706.30193312,5329979.27211266,7293706.30193312,14047.583167842347,136456.8478937468
117,9799,838.122347036355,839.911542925449,32.0605108095733,978688.73,ANP,-24.42489037,-50.74393994,5330182.65440189,7293770.31295179,5330182.65440189,7293770.31295179,5330182.65440189,7293770.31295179,14160.362563604078,136670.0655433061
118,9783,871.969306005009,873.768514203506,35.2620952729096,978681.5,ANP,-24.42503039,-50.74024989,5330556.41190582,7293745.98906167,5330556.41190582,7293745.98906167,5330556.41190582,7293745.98906167,14459.992387763965,137044.61370225792
119,9784,812.604613643745,814.403729550621,26.6405422073128,978691.12,ANP,-24.42398044,-50.73564985,5331025.53674405,7293851.42951599,5331025.53674405,7293851.42951599,5331025.53674405,7293851.42951599,14747.59683181839,137525.4419494021
120,9785,887.245600481197,889.024420336838,35.6948403784595,978676.92,ANP,-24.42061038,-50.73926987,5330667.30233957,7294233.75570001,5330667.30233957,7294233.75570001,5330667.30233957,7294233.75570001,14226.796058283173,138049.37438735575
121,9786,872.192138817769,873.960497172439,34.7086011808742,978680.22,ANP,-24.4153504,-50.73895991,5330712.44844933,7294816.25948426,5330712.44844933,7294816.25948426,5330712.44844933,7294816.25948426,13882.031677849152,138633.6250440885
122,9789,878.909965478385,880.668075834869,35.45316449092,978678.7,ANP,-24.41252035,-50.73924989,5330690.42566466,7295130.75611661,5330690.42566466,7295130.75611661,5330690.42566466,7295130.75611661,13660.66120271853,138948.89181176937
123,9791,837.830388749409,839.578372124587,32.6494704502864,978688.47,ANP,-24.41107031,-50.74087992,5330528.92480205,7295295.42825536,5330528.92480205,7295295.42825536,5330528.92480205,7295295.42825536,13430.875367784285,139179.54185383313
124,10488,829.608543651093,831.336180555765,31.4721655728207,978689.56,ANP,-24.40711034,-50.74161984,5330464.21493739,7295736.28513646,5330464.21493739,7295736.28513646,5330464.21493739,7295736.28513646,13094.867016557599,139625.12254932852
125,9790,876.286199679552,878.033939775686,35.871144157063,978679.64,ANP,-24.40829031,-50.73693987,5330935.69061676,7295594.28441345,5330935.69061676,7295594.28441345,5330935.69061676,7295594.28441345,13545.27053457027,140117.51824546454
126,10035,865.390363237423,867.107454266196,33.0046578372479,978679.63,ANP,-24.40086031,-50.73639981,5331009.83703581,7296416.85782217,5331009.83703581,7296416.85782217,5331009.83703581,7296416.85782217,13066.309453047368,140943.42665696648
127,10039,816.44036878076,818.137158146532,30.2094334484188,978691.7,ANP,-24.39740032,-50.73904977,5330750.13265987,7296806.83391397,5330750.13265987,7296806.83391397,5330750.13265987,7296806.83391397,12615.346665293233,141411.96450501922
128,4463,863.14858769609,864.835011387263,30.8232755811403,978677.62,PETROBRAS,-24.3932,-50.7394,5330725.56053766,7297273.41280911,5330725.56053766,7297273.41280911,5330725.56053766,7297273.41280911,12293.078002970222,141879.18999081853
129,34367,855.83,0.0,0.0,978682.69,ANP,-24.39,-50.74,5330673.04835742,7297629.66817361,5330673.04835742,7297629.66817361,5330673.04835742,7297629.66817361,12021.383202005796,142239.29471698657
130,10033,784.706782107987,786.352547475591,25.4597860182857,978695.94,ANP,-24.38562022,-50.74350978,5330328.49886495,7298123.66957878,5330328.49886495,7298123.66957878,5330328.49886495,7298123.66957878,11438.304770177778,142841.58346922375
131,10032,809.685044059047,811.310430841333,28.5018891385617,978690.98,ANP,-24.3812502,-50.74490979,5330197.87413435,7298611.55978091,5330197.87413435,7298611.55978091,5330197.87413435,7298611.55978091,11021.640532958863,143346.65739408828
132,9881,826.954078934486,828.56915525414,30.0827701433875,978686.99,ANP,-24.37766015,-50.74716976,5329977.98986238,7299015.00712362,5329977.98986238,7299015.00712362,5329977.98986238,7299015.00712362,10592.148017017242,143806.13410884107
133,9880,812.291146580031,813.895902606022,28.3512317230416,978689.53,ANP,-24.37395016,-50.74597979,5330108.32219916,7299423.55001617,5330108.32219916,7299423.55001617,5330108.32219916,7299423.55001617,10425.266520479034,144234.96252798318
134,9879,788.530930997726,790.115451698408,26.5267355215109,978694.85,ANP,-24.37122018,-50.74795975,5329914.58760023,7299730.9622327,5329914.58760023,7299730.9622327,5329914.58760023,7299730.9622327,10078.121628078272,144598.32923764986
135,9878,773.840708632996,775.414996043097,25.0088072744251,978697.68,ANP,-24.3685102,-50.75063984,5329649.77596117,7300037.81530752,5329649.77596117,7300037.81530752,5329649.77596117,7300037.81530752,9677.37029895086,145003.6488815221
136,9877,745.231631272632,746.785641890843,22.4615521914608,978703.74,ANP,-24.36529011,-50.75329981,5329388.31464901,7300401.17611423,5329388.31464901,7300401.17611423,5329388.31464901,7300401.17611423,9242.392435281836,145451.30175329818
137,9876,700.279743807508,701.813420665256,18.3978382670924,978713.28,ANP,-24.36140015,-50.75437977,5329288.84568292,7300835.06177742,5329288.84568292,7300835.06177742,5329288.84568292,7300835.06177742,8884.527058997017,145896.44312852272
138,9874,751.037791341964,752.561153939375,23.6955035292103,978702.67,ANP,-24.35773011,-50.75462978,5329272.98993413,7301242.59388917,5329272.98993413,7301242.59388917,5329272.98993413,7301242.59388917,8607.299630955638,146304.28357143773
139,9891,722.074703002671,723.58779210187,19.9375101682913,978707.63,ANP,-24.35453011,-50.75382978,5329362.43097111,7301595.51828522,5329362.43097111,7301595.51828522,5329362.43097111,7301595.51828522,8445.560385033017,146668.36505740328
140,9966,705.103448213792,706.596313749655,18.449550738595,978711.2,ANP,-24.3519101,-50.75490975,5329259.65825094,7301888.58834512,5329259.65825094,7301888.58834512,5329259.65825094,7301888.58834512,8176.817421275661,146978.9327505413
141,9967,684.684376747115,686.166963722981,17.7119473005979,978716.54,ANP,-24.34864006,-50.7578998,5328964.78829277,7302258.25602024,5328964.78829277,7302258.25602024,5328964.78829277,7302258.25602024,7712.367693033108,147451.79899194528
142,10563,724.651897716486,726.10402840154,22.4360263319714,978708.57,ANP,-24.34326999,-50.75902979,5328864.03419385,7302856.36925583,5328864.03419385,7302856.36925583,5328864.03419385,7302856.36925583,7246.6609144671365,148058.33904094223
143,10210,681.682366866591,683.124356806614,19.3224061892563,978718.6,ANP,-24.34161005,-50.76166982,5328600.4833332,7303046.66833763,5328600.4833332,7303046.66833763,5328600.4833332,7303046.66833763,6922.710515029552,148383.41256598453
144,34388,749.84,0.0,0.0,978706.42,ANP,-24.34,-50.76,5328774.05277246,7303221.24382821,5328774.05277246,7303221.24382821,5328774.05277246,7303221.24382821,6940.906277109363,148629.5892345704
145,10273,733.348492603954,734.780144822768,24.8018832178707,978707.87,ANP,-24.33762001,-50.75963972,5328816.75429107,7303484.2871622,5328816.75429107,7303484.2871622,5328816.75429107,7303484.2871622,6802.163820631954,148896.07603583447
146,10274,748.675661644933,750.107263151453,26.040918754952,978704.34,ANP,-24.33702,-50.75712973,5329072.96166056,7303544.87826822,5329072.96166056,7303544.87826822,5329072.96166056,7303544.87826822,6957.279795094486,149159.3506041279
147,10272,755.714969480583,757.126178636408,27.1276451667786,978702.94,ANP,-24.33237002,-50.75971971,5328822.20102019,7304066.5997511,5328822.20102019,7304066.5997511,5328822.20102019,7304066.5997511,6427.379286205259,149738.2065486055
148,10269,722.893710230817,724.294697161572,23.4813121735486,978709.24,ANP,-24.32973002,-50.76006968,5328793.51076789,7304360.15256283,5328793.51076789,7304360.15256283,5328793.51076789,7304360.15256283,6214.574551288486,150033.15804267093
149,10275,747.631654175622,749.032657922936,25.749337755077,978703.89,ANP,-24.32992996,-50.75698968,5329105.50081771,7304330.69781541,5329105.50081771,7304330.69781541,5329105.50081771,7304330.69781541,6470.641791940855,150346.5354083691
150,10268,775.659740629743,777.04041844082,27.8487115685172,978697.08,ANP,-24.32604995,-50.75753969,5329059.72234782,7304762.21847492,5329059.72234782,7304762.21847492,5329059.72234782,7304762.21847492,6155.083676165999,150780.4775103705
151,10267,803.228464276314,804.59892499342,30.3588471290563,978690.91,ANP,-24.32345991,-50.75823969,5328995.38725255,7305051.06022004,5328995.38725255,7305051.06022004,5328995.38725255,7305051.06022004,5918.278636632613,151076.3973613567
152,8241,789.880357919855,791.230250543898,29.8117573431964,978694.02,ANP,-24.31665991,-50.75457966,5329384.34821654,7305796.39045651,5329384.34821654,7305796.39045651,5329384.34821654,7305796.39045651,5728.62620542585,151917.11597831722
153,8242,818.369428716797,819.699000101758,32.9317164578764,978688.09,ANP,-24.3127999,-50.7565596,5329193.40992194,7306229.07738842,5329193.40992194,7306229.07738842,5329193.40992194,7306229.07738842,5302.086293864831,152390.0593294602
154,8239,754.115743477891,755.475820434524,23.2989677177855,978698.69,ANP,-24.31886996,-50.74597956,5330251.30139849,7305530.95078418,5330251.30139849,7305530.95078418,5330251.30139849,7305530.95078418,6559.647789864761,153657.54310912066
155,8238,734.912526365704,736.282668455993,20.4320193541218,978701.8,ANP,-24.31965004,-50.74121953,5330732.2842149,7305433.14682586,5330732.2842149,7305433.14682586,5330732.2842149,7305433.14682586,6988.510715917026,154148.36902932558
156,8237,724.138492973233,725.518645081263,18.9401317380564,978703.64,ANP,-24.31976998,-50.73664945,5331195.70287598,7305408.9759072,5331195.70287598,7305408.9759072,5331195.70287598,7305408.9759072,7356.122586183472,154612.41761379314
157,8236,710.124729540459,711.504810678321,17.7344706276627,978706.7,ANP,-24.31892005,-50.73295949,5331572.33858504,7305494.42927603,5331572.33858504,7305494.42927603,5331572.33858504,7305494.42927603,7586.504029185567,154998.62576438425
158,8235,696.901982684571,698.2819878792,15.3668842144176,978708.35,ANP,-24.31800999,-50.7293794,5331937.98694349,7305586.80268179,5331937.98694349,7305586.80268179,5331937.98694349,7305586.80268179,7804.039566168508,155375.76177185253
159,8234,673.067940819724,674.427658573807,12.8176724913702,978712.92,ANP,-24.31456003,-50.72691943,5332196.60139976,7305963.47381176,5332196.60139976,7305963.47381176,5332196.60139976,7305963.47381176,7755.304837665822,155832.66720752226
160,8233,662.133417602865,663.492992322006,12.2407984368516,978715.6,ANP,-24.31284002,-50.72333939,5332564.37484381,7306145.64301181,5332564.37484381,7306145.64301181,5332564.37484381,7306145.64301181,7916.022400808229,156243.0851939647
161,8232,687.419450841177,688.779015588824,13.1697948878941,978708.72,ANP,-24.31272003,-50.71800931,5333105.56431269,7306146.19999707,5333105.56431269,7306146.19999707,5333105.56431269,7306146.19999707,8326.596415340207,156784.27494946585
162,4443,743.648259667278,744.945781767094,16.3866795614866,978692.91,PETROBRAS,-24.2879,-50.6842,5336601.91952476,7308817.05187474,5336601.91952476,7308817.05187474,5336601.91952476,7308817.05187474,9243.484759307441,161184.04193436648
163,33301,766.17,0.0,0.0,978691.53,PETROBRAS,-24.2909,-50.6201,5343099.66663228,7308327.98889277,5343099.66663228,7308327.98889277,5343099.66663228,7308327.98889277,14495.60099492525,167700.1680898069
164,4444,701.955833793874,703.544083655712,18.4522397884202,978708.44,PETROBRAS,-24.2968,-50.5785,5347305.64267558,7307570.60745467,5347305.64267558,7307570.60745467,5347305.64267558,7307570.60745467,18182.12686957372,171973.79197587815
165,4445,763.387988003526,765.055591602468,25.9086000960187,978696.41,PETROBRAS,-24.2889,-50.5274,5352513.41278225,7308318.29936219,5352513.41278225,7308318.29936219,5352513.41278225,7308318.29936219,21649.959972045814,177234.96225182363
166,4430,858.542992805395,859.876094963777,34.5765669118622,978671.89,PETROBRAS,-24.2322,-50.5539,5349979.21808031,7314672.88936068,5349979.21808031,7314672.88936068,5349979.21808031,7314672.88936068,15590.65716184396,184076.2309087506
167,4431,898.144043748566,899.546830623996,38.6895768946176,978663.51,PETROBRAS,-24.2281,-50.5065,5354803.44613072,7315007.92364159,5354803.44613072,7315007.92364159,5354803.44613072,7315007.92364159,19035.781863318454,188912.07874049075
168,33284,820.26,0.0,0.0,978676.479999999,PETROBRAS,-24.1796,-50.5149,5354084.59955119,7320407.80306734,5354084.59955119,7320407.80306734,5354084.59955119,7320407.80306734,14976.156577695312,194359.59544239554
169,33283,764.77,0.0,0.0,978684.219999999,PETROBRAS,-24.1619,-50.5655,5348992.86441066,7322497.77831133,5348992.86441066,7322497.77831133,5348992.86441066,7322497.77831133,9749.91470255726,199863.57248284502
170,4405,796.067597844832,796.823318491383,27.6108057997553,978677.29,PETROBRAS,-24.1298,-50.5233,5353368.42667626,7325951.71143605,5353368.42667626,7325951.71143605,5353368.42667626,7325951.71143605,10824.839497028084,205438.08584009713
171,4406,724.444861088547,725.391402761983,22.0638585410686,978694.66,PETROBRAS,-24.142,-50.4533,5360447.41923181,7324420.43609357,5360447.41923181,7324420.43609357,5360447.41923181,7324420.43609357,17196.49219882702,212680.80216589724
172,4407,742.412938559242,743.147056991469,19.234702087317,978683.81,PETROBRAS,-24.1052,-50.3881,5367177.29293514,7328332.53227059,5367177.29293514,7328332.53227059,5367177.29293514,7328332.53227059,19760.96057307061,220465.12593620885
173,33261,875.07,0.0,0.0,978654.339999999,PETROBRAS,-24.0639,-50.3852,5367589.92494443,7332905.41710434,5367589.92494443,7332905.41710434,5367589.92494443,7332905.41710434,17098.62952558413,225056.58985067377
174,33260,811.19,0.0,0.0,978669.04,PETROBRAS,-24.064,-50.441,5361916.55100732,7333039.17414256,5361916.55100732,7333039.17414256,5361916.55100732,7333039.17414256,12703.680439631462,230731.54031526344
175,27787,748.55,0.0,0.0,978676.79,IAG-USP,-24.0347,-50.4553,5360544.58387503,7336325.34474126,5360544.58387503,7336325.34474126,5360544.58387503,7336325.34474126,9523.552084058389,234292.6091177218
176,27780,738.28,0.0,0.0,978678.41,IAG-USP,-24.0322,-50.4581,5360266.82370961,7336609.77089453,5360266.82370961,7336609.77089453,5360266.82370961,7336609.77089453,9127.562234313884,234690.1628199541
177,548,828.259685391769,828.418779774238,28.0171724211349,978660.29,IAG-USP,-24.0186,-50.4356,5362593.12866586,7338060.25020545,5362593.12866586,7338060.25020545,5362593.12866586,7338060.25020545,9950.123448493918,237431.61954601752
178,27789,867.76,0.0,0.0,978650.729999999,IAG-USP,-24.0039,-50.4456,5361617.22237392,7339716.2308935,5361617.22237392,7339716.2308935,5361617.22237392,7339716.2308935,8131.523655783934,239353.77071849184
179,24959,867.9588,868.008,0.0,978651.74,IBGE,-24.00363997,-50.44648646,5361527.78225991,7339747.34435875,5361527.78225991,7339747.34435875,5361527.78225991,7339747.34435875,8043.363869344022,239448.46803478862
180,27774,785.0,0.0,0.0,978664.02,IAG-USP,-23.9833,-50.45,5361227.21086963,7342012.08940015,5361227.21086963,7342012.08940015,5361227.21086963,7342012.08940015,6341.427009955256,241733.0715590794
181,545,727.388041224173,727.194628856921,14.0090703860007,978673.92,IAG-USP,-23.9667,-50.45,5361273.54449398,7343853.04970344,5361273.54449398,7343853.04970344,5361273.54449398,7343853.04970344,5178.6660429600015,243574.6148366144
182,539,773.880442158429,773.5763095109,17.2103957157133,978661.66,IAG-USP,-23.95,-50.4667,5359620.75130346,7345747.74819602,5359620.75130346,7345747.74819602,5359620.75130346,7345747.74819602,2690.754317443945,246088.89559031164
183,27769,723.95,0.0,0.0,978669.67,IAG-USP,-23.9333,-50.4667,5359667.08345406,7347599.77116686,5359667.08345406,7347599.77116686,5359667.08345406,7347599.77116686,1520.7935722260083,247941.4980173584
184,538,657.084795086859,656.529356560801,5.00742992332968,978683.26,IAG-USP,-23.9167,-50.45,5361412.92069548,7349398.0960392,5361412.92069548,7349398.0960392,5361412.92069548,7349398.0960392,1676.2447306020879,250447.87389100634
185,537,678.20675534601,677.510728742207,7.92052680732393,978678.54,IAG-USP,-23.9,-50.4333,5363159.43798704,7351207.35267027,5363159.43798704,7351207.35267027,5363159.43798704,7351207.35267027,1825.0987905831842,252962.5770955193
186,27773,640.86,0.0,0.0,978684.329999999,IAG-USP,-23.8833,-50.4333,5363206.11677699,7353059.41336303,5363206.11677699,7353059.41336303,5363206.11677699,7353059.41336303,655.3767095785104,254815.22593410106
187,27773,640.86,0.0,0.0,978684.329999999,IAG-USP,-23.8833,-50.4333,5363206.11677699,7353059.41336303,5363206.11677699,7353059.41336303,5363206.11677699,7353059.41336303,655.3767095785104,254815.22593410106
188,535,601.610209232218,600.643146462553,-0.415315739621398,978691.61,IAG-USP,-23.8667,-50.4167,5364942.76145934,7354857.69989189,5364942.76145934,7354857.69989189,5364942.76145934,7354857.69989189,803.8727168031094,257315.1797721982
189,27771,598.67,0.0,0.0,978690.54,IAG-USP,-23.85,-50.4167,5364989.59622663,7356709.77832216,5364989.59622663,7356709.77832216,5364989.59622663,7356709.77832216,365.7424694299235,259167.8502791416
190,536,577.161709417925,576.054196592547,-2.25313616146729,978696.2,IAG-USP,-23.85,-50.4,5366690.26818798,7356666.66261478,5366690.26818798,7356666.66261478,5366690.26818798,7356666.66261478,953.6693278800632,260869.0686908531
191,27770,533.12,0.0,0.0,978706.01,IAG-USP,-23.85,-50.3833,5368390.93505616,7356623.34647667,5368390.93505616,7356623.34647667,5368390.93505616,7356623.34647667,2273.207681393749,262570.2871025645
192,27775,591.36,0.0,0.0,978695.469999999,IAG-USP,-23.85,-50.3667,5370081.41321952,7356580.09108317,5370081.41321952,7356580.09108317,5370081.41321952,7356580.09108317,3584.970011278033,264261.31857768935
193,541,670.210209232218,669.043146462553,12.0786699289899,978682.94,IAG-USP,-23.8667,-50.3,5376825.46200943,7354552.05069428,5376825.46200943,7354552.05069428,5376825.46200943,7354552.05069428,10025.546085128595,271303.70041195926
194,544,623.900209232218,622.723146462553,6.71150787634173,978691.86,IAG-USP,-23.8667,-50.2833,5378525.87913388,7354507.51075394,5378525.87913388,7354507.51075394,5378525.87913388,7354507.51075394,11345.691151210247,273004.70076569496
195,27776,882.87,0.0,0.0,978641.739999999,IAG-USP,-23.8833,-50.2167,5385257.94007641,7352486.62007808,5385257.94007641,7352486.62007808,5385257.94007641,7352486.62007808,17772.512166968518,280033.54445848754
196,543,897.681709417925,896.414196592547,38.7569859166333,978638.33,IAG-USP,-23.85,-50.2,5387057.19460744,7356134.73336551,5387057.19460744,7356134.73336551,5387057.19460744,7356134.73336551,16764.83653604139,284101.22775802703
197,27777,838.17,0.0,0.0,978649.839999999,IAG-USP,-23.8447,-50.1881,5388284.8099764,7356690.06475554,5388284.8099764,7356690.06475554,5388284.8099764,7356690.06475554,17335.627255174808,285448.6076030815
198,27792,827.46,0.0,0.0,978651.589999999,IAG-USP,-23.8381,-50.1897,5388141.54274887,7357426.53199056,5388141.54274887,7357426.53199056,5388141.54274887,7357426.53199056,16747.610155186216,286198.88054457755
199,546,773.773618255858,772.3455327791,24.8512078721997,978661.02,IAG-USP,-23.8256,-50.175,5389676.00261354,7358772.74689046,5389676.00261354,7358772.74689046,5389676.00261354,7358772.74689046,17036.753433728078,288240.1697531404
200,27793,757.0,0.0,0.0,978663.67,IAG-USP,-23.8178,-50.1797,5389220.59196354,7359650.84816797,5389220.59196354,7359650.84816797,5389220.59196354,7359650.84816797,16119.555727402412,289229.341484286
201,27808,722.62,0.0,0.0,978669.319999999,IAG-USP,-23.815,-50.1614,5391092.98175729,7359911.11360598,5391092.98175729,7359911.11360598,5391092.98175729,7359911.11360598,17371.941371537458,291119.7334113639
202,27804,672.22,0.0,0.0,978679.489999999,IAG-USP,-23.8186,-50.1436,5392895.22695227,7359462.60707919,5392895.22695227,7359462.60707919,5392895.22695227,7359462.60707919,19032.274297313357,292976.94795131375
203,579,656.904464670799,655.366125269559,10.4703714139936,978681.86,IAG-USP,-23.8131,-50.1394,5393339.61602703,7360061.06361124,5393339.61602703,7360061.06361124,5393339.61602703,7360061.06361124,18980.282714620193,293722.35513568996
204,24903,0.0,612.74,0.0,978656.48,IBGE,-23.75555556,-50.11694444,5395801.34522697,7366381.92371219,5395801.34522697,7366381.92371219,5395801.34522697,7366381.92371219,16736.437745171716,300505.67166004714
205,24904,0.0,601.29,0.0,978671.38,IBGE,-23.79388889,-50.05722222,5401769.38352486,7361962.01287933,5401769.38352486,7361962.01287933,5401769.38352486,7361962.01287933,24144.20217946141,307932.18449552567
206,24620,0.0,496.82,0.0,978682.9,IBGE,-23.71305556,-50.03972222,5403801.73288896,7370879.60770299,5403801.73288896,7370879.60770299,5403801.73288896,7370879.60770299,19884.582281622595,317078.43735539843
207,24618,0.0,465.16,0.0,978687.5,IBGE,-23.67833333,-50.08222222,5399575.2065848,7374851.16584119,5399575.2065848,7374851.16584119,5399575.2065848,7374851.16584119,14090.934685318161,322878.161369941
208,24619,0.0,575.27,0.0,978662.07,IBGE,-23.64305556,-50.01638889,5406396.98809832,7378578.8117738,5406396.98809832,7378578.8117738,5406396.98809832,7378578.8117738,16845.21537559245,330651.96656541014
209,24621,0.0,524.58,0.0,978672.81,IBGE,-23.59888889,-49.96722222,5411549.63941708,7383337.95520072,5411549.63941708,7383337.95520072,5411549.63941708,7383337.95520072,17660.87835522891,337666.1851085349
210,24622,0.0,673.46,0.0,978638.34,IBGE,-23.56762222,-49.91383056,5417095.7816662,7386652.29073345,5417095.7816662,7386652.29073345,5417095.7816662,7386652.29073345,19715.487393759315,344127.1845568391
211,27702,677.0,0.0,0.0,978636.42,IAG-USP,-23.5672,-49.9133,5417151.25919371,7386697.58954,5417151.25919371,7386697.58954,5417151.25919371,7386697.58954,19728.13596160292,344198.8067456741
212,27701,642.0,0.0,0.0,978643.05,IAG-USP,-23.5603,-49.9189,5416601.58041638,7387479.39629123,5416601.58041638,7387479.39629123,5416601.58041638,7387479.39629123,18802.018926725556,345154.509918482
213,1123,642.482015721394,639.574411004976,-14.7362993680591,978644.31,IAG-USP,-23.5602,-49.919,5416591.69082603,7387490.78135955,5416591.69082603,7387490.78135955,5416591.69082603,7387490.78135955,18787.10110383035,345169.59049466247
214,453,661.190429080646,658.193300356452,-12.5145305321985,978639.57,IAG-USP,-23.5422,-49.9211,5416434.15911237,7389493.87691314,5416434.15911237,7389493.87691314,5416434.15911237,7389493.87691314,17364.036866830756,347178.87097225164
215,457,647.188159853328,644.09171189733,-11.9080821079801,978642.99,IAG-USP,-23.5194,-49.9178,5416842.90157916,7392013.82240389,5416842.90157916,7392013.82240389,5416842.90157916,7392013.82240389,16034.633700002447,349731.7508520172
216,385,625.186224101442,622.010356871009,-13.4906002365489,978647.04,IAG-USP,-23.5019,-49.9228,5416387.56727098,7393969.84397519,5416387.56727098,7393969.84397519,5416387.56727098,7393969.84397519,14416.07355238416,351740.07097580144
217,456,596.18488583769,592.949420086383,-16.5723375570412,978652.16,IAG-USP,-23.4906,-49.9306,5415626.68233901,7395246.08118961,5415626.68233901,7395246.08118961,5415626.68233901,7395246.08118961,13007.84926880014,353225.91326459596
218,28371,595.84,0.0,0.0,978653.28,IAG-USP,-23.4905,-49.9306,5415626.99628093,7395257.17546819,5415626.99628093,7395257.17546819,5415626.99628093,7395257.17546819,13000.868422469455,353237.0119841947
219,24543,0.0,750.0,0.0,978624.83,IBGE,-23.515,-49.89333333,5419354.52586612,7392430.74083171,5419354.52586612,7392430.74083171,5419354.52586612,7392430.74083171,17670.46676148691,357914.96127450955
220,24544,0.0,661.55,0.0,978631.58,IBGE,-23.5075,-49.84805556,5424000.85338658,7393129.92069754,5424000.85338658,7393129.92069754,5424000.85338658,7393129.92069754,20743.55237640383,362613.6006426846
221,24545,0.0,644.84,0.0,978636.28,IBGE,-23.45694444,-49.78805556,5430290.60636361,7398561.00164031,5430290.60636361,7398561.00164031,5430290.60636361,7398561.00164031,21985.399608356525,370923.6928635313
222,24546,0.0,515.02,0.0,978658.97,IBGE,-23.37861111,-49.79138889,5430203.78318783,7407262.4885515,5430203.78318783,7407262.4885515,5430203.78318783,7407262.4885515,16257.272752999532,379625.6129234649
223,24550,0.0,577.64,0.0,978634.39,IBGE,-23.26472222,-49.90472222,5418979.38851273,7420230.90462897,5418979.38851273,7420230.90462897,5418979.38851273,7420230.90462897,704.405264178571,396776.905917895
224,27637,434.0,0.0,0.0,978652.839999999,IAG-USP,-23.1519,-49.9581,5413867.63660585,7432900.36528682,5413867.63660585,7432900.36528682,5413867.63660585,7432900.36528682,12830.090912499103,410438.7228145706
225,390,473.109613324952,468.476729327467,-37.7161860221824,978644.92,IAG-USP,-23.1236,-49.9433,5415469.9900742,7435997.83275206,5415469.9900742,7435997.83275206,5415469.9900742,7435997.83275206,13628.963362909919,413926.1059790299
226,24510,0.0,406.78,0.0,978667.49,IBGE,-23.11404444,-49.72230833,5438127.76636269,7436411.66677895,5438127.76636269,7436411.66677895,5438127.76636269,7436411.66677895,3306.2702714022535,436587.66119797074
227,24509,0.0,482.39,0.0,978647.38,IBGE,-23.12923056,-49.62473333,5448068.08069753,7434430.21125658,5448068.08069753,7434430.21125658,5448068.08069753,7434430.21125658,12143.523917362427,446723.5388147608
228,24509,0.0,482.39,0.0,978647.38,IBGE,-23.12923056,-49.62473333,5448068.08069753,7434430.21125658,5448068.08069753,7434430.21125658,5448068.08069753,7434430.21125658,12143.523917362427,446723.5388147608
229,1925,509.61711123798,505.311977866586,-37.0747688132843,978636.13,IAG-USP,-23.1517,-49.5543,5455202.89845834,7431718.49793078,5455202.89845834,7431718.49793078,5455202.89845834,7431718.49793078,19325.696212887247,454356.29805643065
